epoch,training_reconstruction_mse,momentum,seconds
1.000000000000000000e+00,2.988863087765249865e-02,5.000000000000000000e-01,4.033765870006754994e+01
2.000000000000000000e+00,1.696087920902474358e-02,5.000000000000000000e-01,5.597329870006069541e+01
3.000000000000000000e+00,1.427913380253131512e-02,5.000000000000000000e-01,3.198592479992657900e+01
4.000000000000000000e+00,1.295494796648292805e-02,5.000000000000000000e-01,5.325407349993474782e+01
5.000000000000000000e+00,1.215333323151892783e-02,5.000000000000000000e-01,4.023018720000982285e+01
6.000000000000000000e+00,1.235098850925580964e-02,9.000000000000000222e-01,4.921923879999667406e+01
7.000000000000000000e+00,1.127906696043443589e-02,9.000000000000000222e-01,3.863179110013879836e+01
8.000000000000000000e+00,1.076255408754103401e-02,9.000000000000000222e-01,3.835395599994808435e+01
9.000000000000000000e+00,1.046170145186720371e-02,9.000000000000000222e-01,3.909562979987822473e+01
1.000000000000000000e+01,1.024572686578073197e-02,9.000000000000000222e-01,4.632406030013225973e+01
